timestamp,project_id,project,event_type,reason,precision,added,modified,deleted,sample_files
2026-07-01T00:01:33-06:00,vivo-promotor,Vivo Promotor,file_change,startup_catchup,exact,1,0,0,android/app/src/main/assets/public/assets/target-BIZGj-R4.js
2026-07-01T00:01:48-06:00,asteria,Asteria,file_change,startup_catchup,exact,2,0,0,_codex_backup_20260602-204359; _codex_backup_phase9_phase10_20260603-022816
2026-07-01T00:01:59-06:00,proyectia,PROYECTIA (Command Center),file_change,startup_catchup,exact,4,0,0,Proyec[tdh]ia-tsk DEV/BACKUP_RESTORE_SYSTEM.md; Proyec[tdh]ia-tsk DEV/src-tauri/crates/proyectia_core/src/backup_engine.rs; proyectia-tsk/BACKUP_RESTORE_SYSTEM.md; proyectia-tsk/src-tauri/crates/proyectia_core/src/backup_engine.rs
2026-07-01T00:02:22-06:00,react-bite,REACTBITE (Micro-app Runtime),file_change,startup_catchup,exact,2,0,0,nueva implementacion/💬reactbite_18-may/release/win-unpacked/snapshot_blob.bin; reactbite-fusion/.git
2026-07-01T00:02:28-06:00,reflectia,REFLECTIA (Luxury Simulation),file_change,startup_catchup,exact,1,0,0,ReplIA/airplay_reference/Airplay.Core2/.git
2026-07-01T00:09:04-06:00,vivo-promotor,Vivo Promotor,file_change,localhost_active,exact,1,0,0,android/app/src/main/assets/public/assets/target-BIZGj-R4.js
2026-07-01T00:09:07-06:00,proyectia,PROYECTIA (Command Center),file_change,localhost_active,exact,4,0,0,Proyec[tdh]ia-tsk DEV/BACKUP_RESTORE_SYSTEM.md; Proyec[tdh]ia-tsk DEV/src-tauri/crates/proyectia_core/src/backup_engine.rs; proyectia-tsk/BACKUP_RESTORE_SYSTEM.md; proyectia-tsk/src-tauri/crates/proyectia_core/src/backup_engine.rs
2026-07-01T00:24:09-06:00,vivo-promotor,Vivo Promotor,file_change,localhost_active,exact,1,0,0,android/app/src/main/assets/public/assets/target-BIZGj-R4.js
2026-07-01T00:24:10-06:00,proyectia,PROYECTIA (Command Center),file_change,localhost_active,exact,4,0,0,Proyec[tdh]ia-tsk DEV/BACKUP_RESTORE_SYSTEM.md; Proyec[tdh]ia-tsk DEV/src-tauri/crates/proyectia_core/src/backup_engine.rs; proyectia-tsk/BACKUP_RESTORE_SYSTEM.md; proyectia-tsk/src-tauri/crates/proyectia_core/src/backup_engine.rs
2026-07-01T00:40:08-06:00,vivo-promotor,Vivo Promotor,file_change,localhost_active,exact,1,0,0,android/app/src/main/assets/public/assets/target-BIZGj-R4.js
2026-07-01T00:40:10-06:00,proyectia,PROYECTIA (Command Center),file_change,localhost_active,exact,4,0,0,Proyec[tdh]ia-tsk DEV/BACKUP_RESTORE_SYSTEM.md; Proyec[tdh]ia-tsk DEV/src-tauri/crates/proyectia_core/src/backup_engine.rs; proyectia-tsk/BACKUP_RESTORE_SYSTEM.md; proyectia-tsk/src-tauri/crates/proyectia_core/src/backup_engine.rs
2026-07-01T00:56:05-06:00,vivo-promotor,Vivo Promotor,file_change,localhost_active,exact,1,0,0,android/app/src/main/assets/public/assets/target-BIZGj-R4.js
2026-07-01T00:56:06-06:00,proyectia,PROYECTIA (Command Center),file_change,localhost_active,exact,4,0,0,Proyec[tdh]ia-tsk DEV/BACKUP_RESTORE_SYSTEM.md; Proyec[tdh]ia-tsk DEV/src-tauri/crates/proyectia_core/src/backup_engine.rs; proyectia-tsk/BACKUP_RESTORE_SYSTEM.md; proyectia-tsk/src-tauri/crates/proyectia_core/src/backup_engine.rs
2026-07-01T01:12:02-06:00,vivo-promotor,Vivo Promotor,file_change,localhost_active,exact,1,0,0,android/app/src/main/assets/public/assets/target-BIZGj-R4.js
2026-07-01T01:12:03-06:00,proyectia,PROYECTIA (Command Center),file_change,localhost_active,exact,4,0,0,Proyec[tdh]ia-tsk DEV/BACKUP_RESTORE_SYSTEM.md; Proyec[tdh]ia-tsk DEV/src-tauri/crates/proyectia_core/src/backup_engine.rs; proyectia-tsk/BACKUP_RESTORE_SYSTEM.md; proyectia-tsk/src-tauri/crates/proyectia_core/src/backup_engine.rs
2026-07-01T01:27:57-06:00,vivo-promotor,Vivo Promotor,file_change,localhost_active,exact,1,0,0,android/app/src/main/assets/public/assets/target-BIZGj-R4.js
2026-07-01T01:27:58-06:00,proyectia,PROYECTIA (Command Center),file_change,localhost_active,exact,4,0,0,Proyec[tdh]ia-tsk DEV/BACKUP_RESTORE_SYSTEM.md; Proyec[tdh]ia-tsk DEV/src-tauri/crates/proyectia_core/src/backup_engine.rs; proyectia-tsk/BACKUP_RESTORE_SYSTEM.md; proyectia-tsk/src-tauri/crates/proyectia_core/src/backup_engine.rs
2026-07-01T01:43:51-06:00,vivo-promotor,Vivo Promotor,file_change,localhost_active,exact,1,0,0,android/app/src/main/assets/public/assets/target-BIZGj-R4.js
2026-07-01T01:43:53-06:00,proyectia,PROYECTIA (Command Center),file_change,localhost_active,exact,4,0,0,Proyec[tdh]ia-tsk DEV/BACKUP_RESTORE_SYSTEM.md; Proyec[tdh]ia-tsk DEV/src-tauri/crates/proyectia_core/src/backup_engine.rs; proyectia-tsk/BACKUP_RESTORE_SYSTEM.md; proyectia-tsk/src-tauri/crates/proyectia_core/src/backup_engine.rs
2026-07-01T01:59:45-06:00,vivo-promotor,Vivo Promotor,file_change,localhost_active,exact,1,0,0,android/app/src/main/assets/public/assets/target-BIZGj-R4.js
2026-07-01T01:59:46-06:00,proyectia,PROYECTIA (Command Center),file_change,localhost_active,exact,4,0,0,Proyec[tdh]ia-tsk DEV/BACKUP_RESTORE_SYSTEM.md; Proyec[tdh]ia-tsk DEV/src-tauri/crates/proyectia_core/src/backup_engine.rs; proyectia-tsk/BACKUP_RESTORE_SYSTEM.md; proyectia-tsk/src-tauri/crates/proyectia_core/src/backup_engine.rs
2026-07-01T02:15:40-06:00,vivo-promotor,Vivo Promotor,file_change,localhost_active,exact,1,0,0,android/app/src/main/assets/public/assets/target-BIZGj-R4.js
2026-07-01T02:15:41-06:00,proyectia,PROYECTIA (Command Center),file_change,localhost_active,exact,4,0,0,Proyec[tdh]ia-tsk DEV/BACKUP_RESTORE_SYSTEM.md; Proyec[tdh]ia-tsk DEV/src-tauri/crates/proyectia_core/src/backup_engine.rs; proyectia-tsk/BACKUP_RESTORE_SYSTEM.md; proyectia-tsk/src-tauri/crates/proyectia_core/src/backup_engine.rs
2026-07-01T02:31:32-06:00,vivo-promotor,Vivo Promotor,file_change,localhost_active,exact,1,0,0,android/app/src/main/assets/public/assets/target-BIZGj-R4.js
2026-07-01T02:31:33-06:00,proyectia,PROYECTIA (Command Center),file_change,localhost_active,exact,4,0,0,Proyec[tdh]ia-tsk DEV/BACKUP_RESTORE_SYSTEM.md; Proyec[tdh]ia-tsk DEV/src-tauri/crates/proyectia_core/src/backup_engine.rs; proyectia-tsk/BACKUP_RESTORE_SYSTEM.md; proyectia-tsk/src-tauri/crates/proyectia_core/src/backup_engine.rs
2026-07-01T02:47:26-06:00,vivo-promotor,Vivo Promotor,file_change,localhost_active,exact,1,0,0,android/app/src/main/assets/public/assets/target-BIZGj-R4.js
2026-07-01T02:47:27-06:00,proyectia,PROYECTIA (Command Center),file_change,localhost_active,exact,4,0,0,Proyec[tdh]ia-tsk DEV/BACKUP_RESTORE_SYSTEM.md; Proyec[tdh]ia-tsk DEV/src-tauri/crates/proyectia_core/src/backup_engine.rs; proyectia-tsk/BACKUP_RESTORE_SYSTEM.md; proyectia-tsk/src-tauri/crates/proyectia_core/src/backup_engine.rs
2026-07-01T03:03:20-06:00,vivo-promotor,Vivo Promotor,file_change,localhost_active,exact,1,0,0,android/app/src/main/assets/public/assets/target-BIZGj-R4.js
2026-07-01T03:03:20-06:00,proyectia,PROYECTIA (Command Center),file_change,localhost_active,exact,4,0,0,Proyec[tdh]ia-tsk DEV/BACKUP_RESTORE_SYSTEM.md; Proyec[tdh]ia-tsk DEV/src-tauri/crates/proyectia_core/src/backup_engine.rs; proyectia-tsk/BACKUP_RESTORE_SYSTEM.md; proyectia-tsk/src-tauri/crates/proyectia_core/src/backup_engine.rs
2026-07-01T03:19:12-06:00,vivo-promotor,Vivo Promotor,file_change,localhost_active,exact,1,0,0,android/app/src/main/assets/public/assets/target-BIZGj-R4.js
2026-07-01T03:19:13-06:00,proyectia,PROYECTIA (Command Center),file_change,localhost_active,exact,4,0,0,Proyec[tdh]ia-tsk DEV/BACKUP_RESTORE_SYSTEM.md; Proyec[tdh]ia-tsk DEV/src-tauri/crates/proyectia_core/src/backup_engine.rs; proyectia-tsk/BACKUP_RESTORE_SYSTEM.md; proyectia-tsk/src-tauri/crates/proyectia_core/src/backup_engine.rs
2026-07-01T03:35:04-06:00,vivo-promotor,Vivo Promotor,file_change,localhost_active,exact,1,0,0,android/app/src/main/assets/public/assets/target-BIZGj-R4.js
2026-07-01T03:35:05-06:00,proyectia,PROYECTIA (Command Center),file_change,localhost_active,exact,4,0,0,Proyec[tdh]ia-tsk DEV/BACKUP_RESTORE_SYSTEM.md; Proyec[tdh]ia-tsk DEV/src-tauri/crates/proyectia_core/src/backup_engine.rs; proyectia-tsk/BACKUP_RESTORE_SYSTEM.md; proyectia-tsk/src-tauri/crates/proyectia_core/src/backup_engine.rs
2026-07-01T03:50:57-06:00,vivo-promotor,Vivo Promotor,file_change,localhost_active,exact,1,0,0,android/app/src/main/assets/public/assets/target-BIZGj-R4.js
2026-07-01T03:50:58-06:00,proyectia,PROYECTIA (Command Center),file_change,localhost_active,exact,4,0,0,Proyec[tdh]ia-tsk DEV/BACKUP_RESTORE_SYSTEM.md; Proyec[tdh]ia-tsk DEV/src-tauri/crates/proyectia_core/src/backup_engine.rs; proyectia-tsk/BACKUP_RESTORE_SYSTEM.md; proyectia-tsk/src-tauri/crates/proyectia_core/src/backup_engine.rs
2026-07-01T04:06:50-06:00,vivo-promotor,Vivo Promotor,file_change,localhost_active,exact,1,0,0,android/app/src/main/assets/public/assets/target-BIZGj-R4.js
2026-07-01T04:06:51-06:00,proyectia,PROYECTIA (Command Center),file_change,localhost_active,exact,4,0,0,Proyec[tdh]ia-tsk DEV/BACKUP_RESTORE_SYSTEM.md; Proyec[tdh]ia-tsk DEV/src-tauri/crates/proyectia_core/src/backup_engine.rs; proyectia-tsk/BACKUP_RESTORE_SYSTEM.md; proyectia-tsk/src-tauri/crates/proyectia_core/src/backup_engine.rs
2026-07-01T04:22:42-06:00,vivo-promotor,Vivo Promotor,file_change,localhost_active,exact,1,0,0,android/app/src/main/assets/public/assets/target-BIZGj-R4.js
2026-07-01T04:22:43-06:00,proyectia,PROYECTIA (Command Center),file_change,localhost_active,exact,4,0,0,Proyec[tdh]ia-tsk DEV/BACKUP_RESTORE_SYSTEM.md; Proyec[tdh]ia-tsk DEV/src-tauri/crates/proyectia_core/src/backup_engine.rs; proyectia-tsk/BACKUP_RESTORE_SYSTEM.md; proyectia-tsk/src-tauri/crates/proyectia_core/src/backup_engine.rs
2026-07-01T04:38:40-06:00,vivo-promotor,Vivo Promotor,file_change,localhost_active,exact,1,0,0,android/app/src/main/assets/public/assets/target-BIZGj-R4.js
2026-07-01T04:38:40-06:00,proyectia,PROYECTIA (Command Center),file_change,localhost_active,exact,4,0,0,Proyec[tdh]ia-tsk DEV/BACKUP_RESTORE_SYSTEM.md; Proyec[tdh]ia-tsk DEV/src-tauri/crates/proyectia_core/src/backup_engine.rs; proyectia-tsk/BACKUP_RESTORE_SYSTEM.md; proyectia-tsk/src-tauri/crates/proyectia_core/src/backup_engine.rs
2026-07-01T04:54:36-06:00,vivo-promotor,Vivo Promotor,file_change,localhost_active,exact,1,0,0,android/app/src/main/assets/public/assets/target-BIZGj-R4.js
2026-07-01T04:54:37-06:00,proyectia,PROYECTIA (Command Center),file_change,localhost_active,exact,4,0,0,Proyec[tdh]ia-tsk DEV/BACKUP_RESTORE_SYSTEM.md; Proyec[tdh]ia-tsk DEV/src-tauri/crates/proyectia_core/src/backup_engine.rs; proyectia-tsk/BACKUP_RESTORE_SYSTEM.md; proyectia-tsk/src-tauri/crates/proyectia_core/src/backup_engine.rs
2026-07-01T04:56:46-06:00,julia,JULIA (Solar System Memory),localhost_stopped,localhost_monitor,exact,0,0,0,
2026-07-01T05:10:35-06:00,vivo-promotor,Vivo Promotor,file_change,localhost_active,exact,1,0,0,android/app/src/main/assets/public/assets/target-BIZGj-R4.js
2026-07-01T05:10:36-06:00,proyectia,PROYECTIA (Command Center),file_change,localhost_active,exact,4,0,0,Proyec[tdh]ia-tsk DEV/BACKUP_RESTORE_SYSTEM.md; Proyec[tdh]ia-tsk DEV/src-tauri/crates/proyectia_core/src/backup_engine.rs; proyectia-tsk/BACKUP_RESTORE_SYSTEM.md; proyectia-tsk/src-tauri/crates/proyectia_core/src/backup_engine.rs
2026-07-01T05:26:27-06:00,vivo-promotor,Vivo Promotor,file_change,localhost_active,exact,1,0,0,android/app/src/main/assets/public/assets/target-BIZGj-R4.js
2026-07-01T05:26:28-06:00,proyectia,PROYECTIA (Command Center),file_change,localhost_active,exact,4,0,0,Proyec[tdh]ia-tsk DEV/BACKUP_RESTORE_SYSTEM.md; Proyec[tdh]ia-tsk DEV/src-tauri/crates/proyectia_core/src/backup_engine.rs; proyectia-tsk/BACKUP_RESTORE_SYSTEM.md; proyectia-tsk/src-tauri/crates/proyectia_core/src/backup_engine.rs
2026-07-01T05:42:23-06:00,vivo-promotor,Vivo Promotor,file_change,localhost_active,exact,1,0,0,android/app/src/main/assets/public/assets/target-BIZGj-R4.js
2026-07-01T05:42:24-06:00,proyectia,PROYECTIA (Command Center),file_change,localhost_active,exact,4,0,0,Proyec[tdh]ia-tsk DEV/BACKUP_RESTORE_SYSTEM.md; Proyec[tdh]ia-tsk DEV/src-tauri/crates/proyectia_core/src/backup_engine.rs; proyectia-tsk/BACKUP_RESTORE_SYSTEM.md; proyectia-tsk/src-tauri/crates/proyectia_core/src/backup_engine.rs
2026-07-01T05:58:15-06:00,vivo-promotor,Vivo Promotor,file_change,localhost_active,exact,1,0,0,android/app/src/main/assets/public/assets/target-BIZGj-R4.js
2026-07-01T05:58:16-06:00,proyectia,PROYECTIA (Command Center),file_change,localhost_active,exact,4,0,0,Proyec[tdh]ia-tsk DEV/BACKUP_RESTORE_SYSTEM.md; Proyec[tdh]ia-tsk DEV/src-tauri/crates/proyectia_core/src/backup_engine.rs; proyectia-tsk/BACKUP_RESTORE_SYSTEM.md; proyectia-tsk/src-tauri/crates/proyectia_core/src/backup_engine.rs
2026-07-01T06:14:10-06:00,vivo-promotor,Vivo Promotor,file_change,localhost_active,exact,1,0,0,android/app/src/main/assets/public/assets/target-BIZGj-R4.js
2026-07-01T06:14:11-06:00,proyectia,PROYECTIA (Command Center),file_change,localhost_active,exact,4,0,0,Proyec[tdh]ia-tsk DEV/BACKUP_RESTORE_SYSTEM.md; Proyec[tdh]ia-tsk DEV/src-tauri/crates/proyectia_core/src/backup_engine.rs; proyectia-tsk/BACKUP_RESTORE_SYSTEM.md; proyectia-tsk/src-tauri/crates/proyectia_core/src/backup_engine.rs
2026-07-01T06:29:57-06:00,vivo-promotor,Vivo Promotor,file_change,localhost_active,exact,1,0,0,android/app/src/main/assets/public/assets/target-BIZGj-R4.js
2026-07-01T06:29:57-06:00,proyectia,PROYECTIA (Command Center),file_change,localhost_active,exact,4,0,0,Proyec[tdh]ia-tsk DEV/BACKUP_RESTORE_SYSTEM.md; Proyec[tdh]ia-tsk DEV/src-tauri/crates/proyectia_core/src/backup_engine.rs; proyectia-tsk/BACKUP_RESTORE_SYSTEM.md; proyectia-tsk/src-tauri/crates/proyectia_core/src/backup_engine.rs
2026-07-01T06:45:42-06:00,vivo-promotor,Vivo Promotor,file_change,localhost_active,exact,1,0,0,android/app/src/main/assets/public/assets/target-BIZGj-R4.js
2026-07-01T06:45:43-06:00,proyectia,PROYECTIA (Command Center),file_change,localhost_active,exact,4,0,0,Proyec[tdh]ia-tsk DEV/BACKUP_RESTORE_SYSTEM.md; Proyec[tdh]ia-tsk DEV/src-tauri/crates/proyectia_core/src/backup_engine.rs; proyectia-tsk/BACKUP_RESTORE_SYSTEM.md; proyectia-tsk/src-tauri/crates/proyectia_core/src/backup_engine.rs
2026-07-01T07:01:27-06:00,vivo-promotor,Vivo Promotor,file_change,localhost_active,exact,1,0,0,android/app/src/main/assets/public/assets/target-BIZGj-R4.js
2026-07-01T07:01:28-06:00,proyectia,PROYECTIA (Command Center),file_change,localhost_active,exact,4,0,0,Proyec[tdh]ia-tsk DEV/BACKUP_RESTORE_SYSTEM.md; Proyec[tdh]ia-tsk DEV/src-tauri/crates/proyectia_core/src/backup_engine.rs; proyectia-tsk/BACKUP_RESTORE_SYSTEM.md; proyectia-tsk/src-tauri/crates/proyectia_core/src/backup_engine.rs
2026-07-01T07:17:14-06:00,vivo-promotor,Vivo Promotor,file_change,localhost_active,exact,1,0,0,android/app/src/main/assets/public/assets/target-BIZGj-R4.js
2026-07-01T07:17:15-06:00,proyectia,PROYECTIA (Command Center),file_change,localhost_active,exact,4,0,0,Proyec[tdh]ia-tsk DEV/BACKUP_RESTORE_SYSTEM.md; Proyec[tdh]ia-tsk DEV/src-tauri/crates/proyectia_core/src/backup_engine.rs; proyectia-tsk/BACKUP_RESTORE_SYSTEM.md; proyectia-tsk/src-tauri/crates/proyectia_core/src/backup_engine.rs
2026-07-01T07:32:59-06:00,vivo-promotor,Vivo Promotor,file_change,localhost_active,exact,1,0,0,android/app/src/main/assets/public/assets/target-BIZGj-R4.js
2026-07-01T07:33:00-06:00,proyectia,PROYECTIA (Command Center),file_change,localhost_active,exact,4,0,0,Proyec[tdh]ia-tsk DEV/BACKUP_RESTORE_SYSTEM.md; Proyec[tdh]ia-tsk DEV/src-tauri/crates/proyectia_core/src/backup_engine.rs; proyectia-tsk/BACKUP_RESTORE_SYSTEM.md; proyectia-tsk/src-tauri/crates/proyectia_core/src/backup_engine.rs
2026-07-01T07:48:44-06:00,vivo-promotor,Vivo Promotor,file_change,localhost_active,exact,1,0,0,android/app/src/main/assets/public/assets/target-BIZGj-R4.js
2026-07-01T07:48:45-06:00,proyectia,PROYECTIA (Command Center),file_change,localhost_active,exact,4,0,0,Proyec[tdh]ia-tsk DEV/BACKUP_RESTORE_SYSTEM.md; Proyec[tdh]ia-tsk DEV/src-tauri/crates/proyectia_core/src/backup_engine.rs; proyectia-tsk/BACKUP_RESTORE_SYSTEM.md; proyectia-tsk/src-tauri/crates/proyectia_core/src/backup_engine.rs
2026-07-01T08:04:30-06:00,vivo-promotor,Vivo Promotor,file_change,localhost_active,exact,1,0,0,android/app/src/main/assets/public/assets/target-BIZGj-R4.js
2026-07-01T08:04:31-06:00,proyectia,PROYECTIA (Command Center),file_change,localhost_active,exact,4,0,0,Proyec[tdh]ia-tsk DEV/BACKUP_RESTORE_SYSTEM.md; Proyec[tdh]ia-tsk DEV/src-tauri/crates/proyectia_core/src/backup_engine.rs; proyectia-tsk/BACKUP_RESTORE_SYSTEM.md; proyectia-tsk/src-tauri/crates/proyectia_core/src/backup_engine.rs
2026-07-01T08:20:16-06:00,vivo-promotor,Vivo Promotor,file_change,localhost_active,exact,1,0,0,android/app/src/main/assets/public/assets/target-BIZGj-R4.js
2026-07-01T08:20:16-06:00,proyectia,PROYECTIA (Command Center),file_change,localhost_active,exact,4,0,0,Proyec[tdh]ia-tsk DEV/BACKUP_RESTORE_SYSTEM.md; Proyec[tdh]ia-tsk DEV/src-tauri/crates/proyectia_core/src/backup_engine.rs; proyectia-tsk/BACKUP_RESTORE_SYSTEM.md; proyectia-tsk/src-tauri/crates/proyectia_core/src/backup_engine.rs
2026-07-01T08:36:02-06:00,vivo-promotor,Vivo Promotor,file_change,localhost_active,exact,1,0,0,android/app/src/main/assets/public/assets/target-BIZGj-R4.js
2026-07-01T08:36:02-06:00,proyectia,PROYECTIA (Command Center),file_change,localhost_active,exact,4,0,0,Proyec[tdh]ia-tsk DEV/BACKUP_RESTORE_SYSTEM.md; Proyec[tdh]ia-tsk DEV/src-tauri/crates/proyectia_core/src/backup_engine.rs; proyectia-tsk/BACKUP_RESTORE_SYSTEM.md; proyectia-tsk/src-tauri/crates/proyectia_core/src/backup_engine.rs
2026-07-01T08:51:47-06:00,vivo-promotor,Vivo Promotor,file_change,localhost_active,exact,1,0,0,android/app/src/main/assets/public/assets/target-BIZGj-R4.js
2026-07-01T08:51:47-06:00,proyectia,PROYECTIA (Command Center),file_change,localhost_active,exact,4,0,0,Proyec[tdh]ia-tsk DEV/BACKUP_RESTORE_SYSTEM.md; Proyec[tdh]ia-tsk DEV/src-tauri/crates/proyectia_core/src/backup_engine.rs; proyectia-tsk/BACKUP_RESTORE_SYSTEM.md; proyectia-tsk/src-tauri/crates/proyectia_core/src/backup_engine.rs
2026-07-01T09:07:34-06:00,vivo-promotor,Vivo Promotor,file_change,localhost_active,exact,1,0,0,android/app/src/main/assets/public/assets/target-BIZGj-R4.js
2026-07-01T09:07:34-06:00,proyectia,PROYECTIA (Command Center),file_change,localhost_active,exact,4,0,0,Proyec[tdh]ia-tsk DEV/BACKUP_RESTORE_SYSTEM.md; Proyec[tdh]ia-tsk DEV/src-tauri/crates/proyectia_core/src/backup_engine.rs; proyectia-tsk/BACKUP_RESTORE_SYSTEM.md; proyectia-tsk/src-tauri/crates/proyectia_core/src/backup_engine.rs
2026-07-01T09:23:19-06:00,vivo-promotor,Vivo Promotor,file_change,localhost_active,exact,1,0,0,android/app/src/main/assets/public/assets/target-BIZGj-R4.js
2026-07-01T09:23:20-06:00,proyectia,PROYECTIA (Command Center),file_change,localhost_active,exact,4,0,0,Proyec[tdh]ia-tsk DEV/BACKUP_RESTORE_SYSTEM.md; Proyec[tdh]ia-tsk DEV/src-tauri/crates/proyectia_core/src/backup_engine.rs; proyectia-tsk/BACKUP_RESTORE_SYSTEM.md; proyectia-tsk/src-tauri/crates/proyectia_core/src/backup_engine.rs
2026-07-01T09:39:05-06:00,vivo-promotor,Vivo Promotor,file_change,localhost_active,exact,1,0,0,android/app/src/main/assets/public/assets/target-BIZGj-R4.js
2026-07-01T09:39:05-06:00,proyectia,PROYECTIA (Command Center),file_change,localhost_active,exact,4,0,0,Proyec[tdh]ia-tsk DEV/BACKUP_RESTORE_SYSTEM.md; Proyec[tdh]ia-tsk DEV/src-tauri/crates/proyectia_core/src/backup_engine.rs; proyectia-tsk/BACKUP_RESTORE_SYSTEM.md; proyectia-tsk/src-tauri/crates/proyectia_core/src/backup_engine.rs
2026-07-01T09:54:50-06:00,vivo-promotor,Vivo Promotor,file_change,localhost_active,exact,1,0,0,android/app/src/main/assets/public/assets/target-BIZGj-R4.js
2026-07-01T09:54:50-06:00,proyectia,PROYECTIA (Command Center),file_change,localhost_active,exact,4,0,0,Proyec[tdh]ia-tsk DEV/BACKUP_RESTORE_SYSTEM.md; Proyec[tdh]ia-tsk DEV/src-tauri/crates/proyectia_core/src/backup_engine.rs; proyectia-tsk/BACKUP_RESTORE_SYSTEM.md; proyectia-tsk/src-tauri/crates/proyectia_core/src/backup_engine.rs
2026-07-01T10:10:36-06:00,vivo-promotor,Vivo Promotor,file_change,localhost_active,exact,1,0,0,android/app/src/main/assets/public/assets/target-BIZGj-R4.js
2026-07-01T10:10:36-06:00,proyectia,PROYECTIA (Command Center),file_change,localhost_active,exact,4,0,0,Proyec[tdh]ia-tsk DEV/BACKUP_RESTORE_SYSTEM.md; Proyec[tdh]ia-tsk DEV/src-tauri/crates/proyectia_core/src/backup_engine.rs; proyectia-tsk/BACKUP_RESTORE_SYSTEM.md; proyectia-tsk/src-tauri/crates/proyectia_core/src/backup_engine.rs
2026-07-01T10:26:21-06:00,vivo-promotor,Vivo Promotor,file_change,localhost_active,exact,1,0,0,android/app/src/main/assets/public/assets/target-BIZGj-R4.js
2026-07-01T10:26:22-06:00,proyectia,PROYECTIA (Command Center),file_change,localhost_active,exact,4,0,0,Proyec[tdh]ia-tsk DEV/BACKUP_RESTORE_SYSTEM.md; Proyec[tdh]ia-tsk DEV/src-tauri/crates/proyectia_core/src/backup_engine.rs; proyectia-tsk/BACKUP_RESTORE_SYSTEM.md; proyectia-tsk/src-tauri/crates/proyectia_core/src/backup_engine.rs
2026-07-01T10:42:07-06:00,vivo-promotor,Vivo Promotor,file_change,localhost_active,exact,1,0,0,android/app/src/main/assets/public/assets/target-BIZGj-R4.js
2026-07-01T10:42:07-06:00,proyectia,PROYECTIA (Command Center),file_change,localhost_active,exact,4,0,0,Proyec[tdh]ia-tsk DEV/BACKUP_RESTORE_SYSTEM.md; Proyec[tdh]ia-tsk DEV/src-tauri/crates/proyectia_core/src/backup_engine.rs; proyectia-tsk/BACKUP_RESTORE_SYSTEM.md; proyectia-tsk/src-tauri/crates/proyectia_core/src/backup_engine.rs
2026-07-01T10:57:53-06:00,vivo-promotor,Vivo Promotor,file_change,localhost_active,exact,1,0,0,android/app/src/main/assets/public/assets/target-BIZGj-R4.js
2026-07-01T10:57:53-06:00,proyectia,PROYECTIA (Command Center),file_change,localhost_active,exact,4,0,0,Proyec[tdh]ia-tsk DEV/BACKUP_RESTORE_SYSTEM.md; Proyec[tdh]ia-tsk DEV/src-tauri/crates/proyectia_core/src/backup_engine.rs; proyectia-tsk/BACKUP_RESTORE_SYSTEM.md; proyectia-tsk/src-tauri/crates/proyectia_core/src/backup_engine.rs
2026-07-01T11:13:39-06:00,vivo-promotor,Vivo Promotor,file_change,localhost_active,exact,1,0,0,android/app/src/main/assets/public/assets/target-BIZGj-R4.js
2026-07-01T11:13:40-06:00,proyectia,PROYECTIA (Command Center),file_change,localhost_active,exact,4,0,0,Proyec[tdh]ia-tsk DEV/BACKUP_RESTORE_SYSTEM.md; Proyec[tdh]ia-tsk DEV/src-tauri/crates/proyectia_core/src/backup_engine.rs; proyectia-tsk/BACKUP_RESTORE_SYSTEM.md; proyectia-tsk/src-tauri/crates/proyectia_core/src/backup_engine.rs
2026-07-01T11:29:25-06:00,vivo-promotor,Vivo Promotor,file_change,localhost_active,exact,1,0,0,android/app/src/main/assets/public/assets/target-BIZGj-R4.js
2026-07-01T11:29:25-06:00,proyectia,PROYECTIA (Command Center),file_change,localhost_active,exact,4,0,0,Proyec[tdh]ia-tsk DEV/BACKUP_RESTORE_SYSTEM.md; Proyec[tdh]ia-tsk DEV/src-tauri/crates/proyectia_core/src/backup_engine.rs; proyectia-tsk/BACKUP_RESTORE_SYSTEM.md; proyectia-tsk/src-tauri/crates/proyectia_core/src/backup_engine.rs
2026-07-01T11:45:10-06:00,vivo-promotor,Vivo Promotor,file_change,localhost_active,exact,1,0,0,android/app/src/main/assets/public/assets/target-BIZGj-R4.js
2026-07-01T11:45:11-06:00,proyectia,PROYECTIA (Command Center),file_change,localhost_active,exact,4,0,0,Proyec[tdh]ia-tsk DEV/BACKUP_RESTORE_SYSTEM.md; Proyec[tdh]ia-tsk DEV/src-tauri/crates/proyectia_core/src/backup_engine.rs; proyectia-tsk/BACKUP_RESTORE_SYSTEM.md; proyectia-tsk/src-tauri/crates/proyectia_core/src/backup_engine.rs
2026-07-01T12:00:55-06:00,vivo-promotor,Vivo Promotor,file_change,localhost_active,exact,1,0,0,android/app/src/main/assets/public/assets/target-BIZGj-R4.js
2026-07-01T12:00:56-06:00,proyectia,PROYECTIA (Command Center),file_change,localhost_active,exact,4,0,0,Proyec[tdh]ia-tsk DEV/BACKUP_RESTORE_SYSTEM.md; Proyec[tdh]ia-tsk DEV/src-tauri/crates/proyectia_core/src/backup_engine.rs; proyectia-tsk/BACKUP_RESTORE_SYSTEM.md; proyectia-tsk/src-tauri/crates/proyectia_core/src/backup_engine.rs
2026-07-01T12:16:43-06:00,vivo-promotor,Vivo Promotor,file_change,localhost_active,exact,1,0,0,android/app/src/main/assets/public/assets/target-BIZGj-R4.js
2026-07-01T12:16:43-06:00,proyectia,PROYECTIA (Command Center),file_change,localhost_active,exact,4,0,0,Proyec[tdh]ia-tsk DEV/BACKUP_RESTORE_SYSTEM.md; Proyec[tdh]ia-tsk DEV/src-tauri/crates/proyectia_core/src/backup_engine.rs; proyectia-tsk/BACKUP_RESTORE_SYSTEM.md; proyectia-tsk/src-tauri/crates/proyectia_core/src/backup_engine.rs
2026-07-01T12:32:33-06:00,vivo-promotor,Vivo Promotor,file_change,localhost_active,exact,1,0,0,android/app/src/main/assets/public/assets/target-BIZGj-R4.js
2026-07-01T12:32:33-06:00,proyectia,PROYECTIA (Command Center),file_change,localhost_active,exact,4,0,0,Proyec[tdh]ia-tsk DEV/BACKUP_RESTORE_SYSTEM.md; Proyec[tdh]ia-tsk DEV/src-tauri/crates/proyectia_core/src/backup_engine.rs; proyectia-tsk/BACKUP_RESTORE_SYSTEM.md; proyectia-tsk/src-tauri/crates/proyectia_core/src/backup_engine.rs
2026-07-01T12:48:23-06:00,vivo-promotor,Vivo Promotor,file_change,localhost_active,exact,1,0,0,android/app/src/main/assets/public/assets/target-BIZGj-R4.js
2026-07-01T12:48:24-06:00,proyectia,PROYECTIA (Command Center),file_change,localhost_active,exact,4,0,0,Proyec[tdh]ia-tsk DEV/BACKUP_RESTORE_SYSTEM.md; Proyec[tdh]ia-tsk DEV/src-tauri/crates/proyectia_core/src/backup_engine.rs; proyectia-tsk/BACKUP_RESTORE_SYSTEM.md; proyectia-tsk/src-tauri/crates/proyectia_core/src/backup_engine.rs
2026-07-01T13:04:16-06:00,vivo-promotor,Vivo Promotor,file_change,localhost_active,exact,1,0,0,android/app/src/main/assets/public/assets/target-BIZGj-R4.js
2026-07-01T13:04:16-06:00,proyectia,PROYECTIA (Command Center),file_change,localhost_active,exact,4,0,0,Proyec[tdh]ia-tsk DEV/BACKUP_RESTORE_SYSTEM.md; Proyec[tdh]ia-tsk DEV/src-tauri/crates/proyectia_core/src/backup_engine.rs; proyectia-tsk/BACKUP_RESTORE_SYSTEM.md; proyectia-tsk/src-tauri/crates/proyectia_core/src/backup_engine.rs
2026-07-01T13:20:10-06:00,vivo-promotor,Vivo Promotor,file_change,localhost_active,exact,1,0,0,android/app/src/main/assets/public/assets/target-BIZGj-R4.js
2026-07-01T13:20:10-06:00,proyectia,PROYECTIA (Command Center),file_change,localhost_active,exact,4,0,0,Proyec[tdh]ia-tsk DEV/BACKUP_RESTORE_SYSTEM.md; Proyec[tdh]ia-tsk DEV/src-tauri/crates/proyectia_core/src/backup_engine.rs; proyectia-tsk/BACKUP_RESTORE_SYSTEM.md; proyectia-tsk/src-tauri/crates/proyectia_core/src/backup_engine.rs
2026-07-01T13:35:57-06:00,vivo-promotor,Vivo Promotor,file_change,localhost_active,exact,1,0,0,android/app/src/main/assets/public/assets/target-BIZGj-R4.js
2026-07-01T13:35:58-06:00,proyectia,PROYECTIA (Command Center),file_change,localhost_active,exact,4,0,0,Proyec[tdh]ia-tsk DEV/BACKUP_RESTORE_SYSTEM.md; Proyec[tdh]ia-tsk DEV/src-tauri/crates/proyectia_core/src/backup_engine.rs; proyectia-tsk/BACKUP_RESTORE_SYSTEM.md; proyectia-tsk/src-tauri/crates/proyectia_core/src/backup_engine.rs
2026-07-01T13:51:43-06:00,vivo-promotor,Vivo Promotor,file_change,localhost_active,exact,1,0,0,android/app/src/main/assets/public/assets/target-BIZGj-R4.js
2026-07-01T13:51:44-06:00,proyectia,PROYECTIA (Command Center),file_change,localhost_active,exact,4,0,0,Proyec[tdh]ia-tsk DEV/BACKUP_RESTORE_SYSTEM.md; Proyec[tdh]ia-tsk DEV/src-tauri/crates/proyectia_core/src/backup_engine.rs; proyectia-tsk/BACKUP_RESTORE_SYSTEM.md; proyectia-tsk/src-tauri/crates/proyectia_core/src/backup_engine.rs
2026-07-01T14:07:31-06:00,vivo-promotor,Vivo Promotor,file_change,localhost_active,exact,1,0,0,android/app/src/main/assets/public/assets/target-BIZGj-R4.js
2026-07-01T14:07:31-06:00,proyectia,PROYECTIA (Command Center),file_change,localhost_active,exact,4,0,0,Proyec[tdh]ia-tsk DEV/BACKUP_RESTORE_SYSTEM.md; Proyec[tdh]ia-tsk DEV/src-tauri/crates/proyectia_core/src/backup_engine.rs; proyectia-tsk/BACKUP_RESTORE_SYSTEM.md; proyectia-tsk/src-tauri/crates/proyectia_core/src/backup_engine.rs
2026-07-01T14:23:17-06:00,vivo-promotor,Vivo Promotor,file_change,localhost_active,exact,1,0,0,android/app/src/main/assets/public/assets/target-BIZGj-R4.js
2026-07-01T14:23:18-06:00,proyectia,PROYECTIA (Command Center),file_change,localhost_active,exact,4,0,0,Proyec[tdh]ia-tsk DEV/BACKUP_RESTORE_SYSTEM.md; Proyec[tdh]ia-tsk DEV/src-tauri/crates/proyectia_core/src/backup_engine.rs; proyectia-tsk/BACKUP_RESTORE_SYSTEM.md; proyectia-tsk/src-tauri/crates/proyectia_core/src/backup_engine.rs
2026-07-01T14:39:04-06:00,vivo-promotor,Vivo Promotor,file_change,localhost_active,exact,1,0,0,android/app/src/main/assets/public/assets/target-BIZGj-R4.js
2026-07-01T14:39:04-06:00,proyectia,PROYECTIA (Command Center),file_change,localhost_active,exact,4,0,0,Proyec[tdh]ia-tsk DEV/BACKUP_RESTORE_SYSTEM.md; Proyec[tdh]ia-tsk DEV/src-tauri/crates/proyectia_core/src/backup_engine.rs; proyectia-tsk/BACKUP_RESTORE_SYSTEM.md; proyectia-tsk/src-tauri/crates/proyectia_core/src/backup_engine.rs
2026-07-01T14:54:50-06:00,vivo-promotor,Vivo Promotor,file_change,localhost_active,exact,1,0,0,android/app/src/main/assets/public/assets/target-BIZGj-R4.js
2026-07-01T14:54:51-06:00,proyectia,PROYECTIA (Command Center),file_change,localhost_active,exact,4,0,0,Proyec[tdh]ia-tsk DEV/BACKUP_RESTORE_SYSTEM.md; Proyec[tdh]ia-tsk DEV/src-tauri/crates/proyectia_core/src/backup_engine.rs; proyectia-tsk/BACKUP_RESTORE_SYSTEM.md; proyectia-tsk/src-tauri/crates/proyectia_core/src/backup_engine.rs
2026-07-01T15:10:37-06:00,vivo-promotor,Vivo Promotor,file_change,localhost_active,exact,1,0,0,android/app/src/main/assets/public/assets/target-BIZGj-R4.js
2026-07-01T15:10:38-06:00,proyectia,PROYECTIA (Command Center),file_change,localhost_active,exact,4,0,0,Proyec[tdh]ia-tsk DEV/BACKUP_RESTORE_SYSTEM.md; Proyec[tdh]ia-tsk DEV/src-tauri/crates/proyectia_core/src/backup_engine.rs; proyectia-tsk/BACKUP_RESTORE_SYSTEM.md; proyectia-tsk/src-tauri/crates/proyectia_core/src/backup_engine.rs
2026-07-01T15:26:24-06:00,vivo-promotor,Vivo Promotor,file_change,localhost_active,exact,1,0,0,android/app/src/main/assets/public/assets/target-BIZGj-R4.js
2026-07-01T15:26:24-06:00,proyectia,PROYECTIA (Command Center),file_change,localhost_active,exact,4,0,0,Proyec[tdh]ia-tsk DEV/BACKUP_RESTORE_SYSTEM.md; Proyec[tdh]ia-tsk DEV/src-tauri/crates/proyectia_core/src/backup_engine.rs; proyectia-tsk/BACKUP_RESTORE_SYSTEM.md; proyectia-tsk/src-tauri/crates/proyectia_core/src/backup_engine.rs
2026-07-01T15:42:10-06:00,vivo-promotor,Vivo Promotor,file_change,localhost_active,exact,1,0,0,android/app/src/main/assets/public/assets/target-BIZGj-R4.js
2026-07-01T15:42:11-06:00,proyectia,PROYECTIA (Command Center),file_change,localhost_active,exact,4,0,0,Proyec[tdh]ia-tsk DEV/BACKUP_RESTORE_SYSTEM.md; Proyec[tdh]ia-tsk DEV/src-tauri/crates/proyectia_core/src/backup_engine.rs; proyectia-tsk/BACKUP_RESTORE_SYSTEM.md; proyectia-tsk/src-tauri/crates/proyectia_core/src/backup_engine.rs
2026-07-01T15:54:48-06:00,proyectia,PROYECTIA (Command Center),localhost_stopped,localhost_monitor,exact,0,0,0,
2026-07-01T15:57:57-06:00,vivo-promotor,Vivo Promotor,file_change,localhost_active,exact,1,0,0,android/app/src/main/assets/public/assets/target-BIZGj-R4.js
2026-07-01T16:13:52-06:00,vivo-promotor,Vivo Promotor,file_change,localhost_active,exact,1,0,0,android/app/src/main/assets/public/assets/target-BIZGj-R4.js
2026-07-01T16:29:40-06:00,vivo-promotor,Vivo Promotor,file_change,localhost_active,exact,1,0,0,android/app/src/main/assets/public/assets/target-BIZGj-R4.js
2026-07-01T16:45:31-06:00,vivo-promotor,Vivo Promotor,file_change,localhost_active,exact,1,0,0,android/app/src/main/assets/public/assets/target-BIZGj-R4.js
2026-07-01T17:01:17-06:00,vivo-promotor,Vivo Promotor,file_change,localhost_active,exact,1,0,0,android/app/src/main/assets/public/assets/target-BIZGj-R4.js
2026-07-01T17:17:07-06:00,vivo-promotor,Vivo Promotor,file_change,localhost_active,exact,1,0,0,android/app/src/main/assets/public/assets/target-BIZGj-R4.js
2026-07-01T17:32:54-06:00,vivo-promotor,Vivo Promotor,file_change,localhost_active,exact,1,0,0,android/app/src/main/assets/public/assets/target-BIZGj-R4.js
2026-07-01T17:48:39-06:00,vivo-promotor,Vivo Promotor,file_change,localhost_active,exact,1,0,0,android/app/src/main/assets/public/assets/target-BIZGj-R4.js
2026-07-01T18:04:23-06:00,vivo-promotor,Vivo Promotor,file_change,localhost_active,exact,1,0,0,android/app/src/main/assets/public/assets/target-BIZGj-R4.js
2026-07-01T18:20:07-06:00,vivo-promotor,Vivo Promotor,file_change,localhost_active,exact,1,0,0,android/app/src/main/assets/public/assets/target-BIZGj-R4.js
2026-07-01T18:35:50-06:00,vivo-promotor,Vivo Promotor,file_change,localhost_active,exact,1,0,0,android/app/src/main/assets/public/assets/target-BIZGj-R4.js
2026-07-01T18:51:33-06:00,vivo-promotor,Vivo Promotor,file_change,localhost_active,exact,1,0,0,android/app/src/main/assets/public/assets/target-BIZGj-R4.js
2026-07-01T19:07:16-06:00,vivo-promotor,Vivo Promotor,file_change,localhost_active,exact,1,0,0,android/app/src/main/assets/public/assets/target-BIZGj-R4.js
2026-07-01T19:22:59-06:00,vivo-promotor,Vivo Promotor,file_change,localhost_active,exact,1,0,0,android/app/src/main/assets/public/assets/target-BIZGj-R4.js
2026-07-01T19:38:51-06:00,vivo-promotor,Vivo Promotor,file_change,localhost_active,exact,1,0,0,android/app/src/main/assets/public/assets/target-BIZGj-R4.js
2026-07-01T19:39:56-06:00,julia,JULIA (Solar System Memory),localhost_started,localhost_monitor,exact,0,0,0,
2026-07-01T19:54:39-06:00,vivo-promotor,Vivo Promotor,file_change,localhost_active,exact,1,0,0,android/app/src/main/assets/public/assets/target-BIZGj-R4.js
2026-07-01T20:10:26-06:00,vivo-promotor,Vivo Promotor,file_change,localhost_active,exact,1,0,0,android/app/src/main/assets/public/assets/target-BIZGj-R4.js
2026-07-01T20:26:14-06:00,vivo-promotor,Vivo Promotor,file_change,localhost_active,exact,1,0,0,android/app/src/main/assets/public/assets/target-BIZGj-R4.js
2026-07-01T20:42:02-06:00,vivo-promotor,Vivo Promotor,file_change,localhost_active,exact,1,0,0,android/app/src/main/assets/public/assets/target-BIZGj-R4.js
2026-07-01T20:57:48-06:00,vivo-promotor,Vivo Promotor,file_change,localhost_active,exact,1,0,0,android/app/src/main/assets/public/assets/target-BIZGj-R4.js
2026-07-01T21:13:34-06:00,vivo-promotor,Vivo Promotor,file_change,localhost_active,exact,1,0,0,android/app/src/main/assets/public/assets/target-BIZGj-R4.js
2026-07-01T21:29:29-06:00,vivo-promotor,Vivo Promotor,file_change,localhost_active,exact,1,0,0,android/app/src/main/assets/public/assets/target-BIZGj-R4.js
2026-07-01T21:45:16-06:00,vivo-promotor,Vivo Promotor,file_change,localhost_active,exact,1,0,0,android/app/src/main/assets/public/assets/target-BIZGj-R4.js
2026-07-01T22:01:04-06:00,vivo-promotor,Vivo Promotor,file_change,localhost_active,exact,1,0,0,android/app/src/main/assets/public/assets/target-BIZGj-R4.js
2026-07-01T22:03:13-06:00,proyectia,PROYECTIA (Command Center),localhost_started,localhost_monitor,exact,0,0,0,
2026-07-01T22:16:56-06:00,vivo-promotor,Vivo Promotor,file_change,localhost_active,exact,1,0,0,android/app/src/main/assets/public/assets/target-BIZGj-R4.js
2026-07-01T22:16:57-06:00,proyectia,PROYECTIA (Command Center),file_change,localhost_active,exact,8,2,0,Proyec[tdh]ia-tsk DEV/BACKUP_RESTORE_SYSTEM.md; Proyec[tdh]ia-tsk DEV/src-tauri/crates/proyectia_core/src/backup_engine.rs; proyectia-tsk/BACKUP_RESTORE_SYSTEM.md; proyectia-tsk/BOARD_MINIMAL_ACTION_CARDS_DESIGN.md; proyectia-tsk/components/chat/ChatInput.tsx; proyectia-tsk/components/chat/ChatPromptBox.tsx
2026-07-01T22:32:54-06:00,vivo-promotor,Vivo Promotor,file_change,localhost_active,exact,1,0,0,android/app/src/main/assets/public/assets/target-BIZGj-R4.js
2026-07-01T22:32:55-06:00,proyectia,PROYECTIA (Command Center),file_change,localhost_active,exact,4,3,0,Proyec[tdh]ia-tsk DEV/BACKUP_RESTORE_SYSTEM.md; Proyec[tdh]ia-tsk DEV/src-tauri/crates/proyectia_core/src/backup_engine.rs; proyectia-tsk/BACKUP_RESTORE_SYSTEM.md; proyectia-tsk/src-tauri/crates/proyectia_core/src/backup_engine.rs; proyectia-tsk/components/chat/ChatHeader.tsx; proyectia-tsk/components/chat/ChatInput.tsx; proyectia-tsk/components/chat/ChatPromptBox.tsx
2026-07-01T22:48:43-06:00,vivo-promotor,Vivo Promotor,file_change,localhost_active,exact,1,0,0,android/app/src/main/assets/public/assets/target-BIZGj-R4.js
2026-07-01T22:48:44-06:00,proyectia,PROYECTIA (Command Center),file_change,localhost_active,exact,4,0,0,Proyec[tdh]ia-tsk DEV/BACKUP_RESTORE_SYSTEM.md; Proyec[tdh]ia-tsk DEV/src-tauri/crates/proyectia_core/src/backup_engine.rs; proyectia-tsk/BACKUP_RESTORE_SYSTEM.md; proyectia-tsk/src-tauri/crates/proyectia_core/src/backup_engine.rs
2026-07-01T23:04:30-06:00,vivo-promotor,Vivo Promotor,file_change,localhost_active,exact,1,0,0,android/app/src/main/assets/public/assets/target-BIZGj-R4.js
2026-07-01T23:04:31-06:00,proyectia,PROYECTIA (Command Center),file_change,localhost_active,exact,4,0,0,Proyec[tdh]ia-tsk DEV/BACKUP_RESTORE_SYSTEM.md; Proyec[tdh]ia-tsk DEV/src-tauri/crates/proyectia_core/src/backup_engine.rs; proyectia-tsk/BACKUP_RESTORE_SYSTEM.md; proyectia-tsk/src-tauri/crates/proyectia_core/src/backup_engine.rs
2026-07-01T23:19:38-06:00,vivo-promotor,Vivo Promotor,file_change,localhost_active,exact,1,0,0,android/app/src/main/assets/public/assets/target-BIZGj-R4.js
2026-07-01T23:19:39-06:00,proyectia,PROYECTIA (Command Center),file_change,localhost_active,exact,4,5,0,Proyec[tdh]ia-tsk DEV/BACKUP_RESTORE_SYSTEM.md; Proyec[tdh]ia-tsk DEV/src-tauri/crates/proyectia_core/src/backup_engine.rs; proyectia-tsk/BACKUP_RESTORE_SYSTEM.md; proyectia-tsk/src-tauri/crates/proyectia_core/src/backup_engine.rs; proyectia-tsk/components/chat/ChatChatContent.tsx; proyectia-tsk/components/chat/ChatHeader.tsx; proyectia-tsk/components/chat/ChatInput.tsx; proyectia-tsk/components/chat/ChatPromptBox.tsx
2026-07-01T23:20:49-06:00,julia,JULIA (Solar System Memory),localhost_stopped,localhost_monitor,exact,0,0,0,
2026-07-01T23:32:06-06:00,vivo-promotor,Vivo Promotor,file_change,manual_api,exact,1,0,0,android/app/src/main/assets/public/assets/target-BIZGj-R4.js
2026-07-01T23:32:27-06:00,asteria,Asteria,file_change,manual_api,exact,2,0,0,_codex_backup_20260602-204359; _codex_backup_phase9_phase10_20260603-022816
2026-07-01T23:32:47-06:00,proyectia,PROYECTIA (Command Center),file_change,manual_api,exact,4,6,0,Proyec[tdh]ia-tsk DEV/BACKUP_RESTORE_SYSTEM.md; Proyec[tdh]ia-tsk DEV/src-tauri/crates/proyectia_core/src/backup_engine.rs; proyectia-tsk/BACKUP_RESTORE_SYSTEM.md; proyectia-tsk/src-tauri/crates/proyectia_core/src/backup_engine.rs; proyectia-tsk/components/chat/ChatChatContent.tsx; proyectia-tsk/components/chat/ChatHeader.tsx; proyectia-tsk/components/chat/ChatInput.tsx; proyectia-tsk/components/chat/ChatPromptBox.tsx
2026-07-01T23:33:14-06:00,react-bite,REACTBITE (Micro-app Runtime),file_change,manual_api,exact,2,0,0,nueva implementacion/💬reactbite_18-may/release/win-unpacked/snapshot_blob.bin; reactbite-fusion/.git
2026-07-01T23:33:20-06:00,reflectia,REFLECTIA (Luxury Simulation),file_change,manual_api,exact,1,0,0,ReplIA/airplay_reference/Airplay.Core2/.git
2026-07-01T23:35:27-06:00,vivo-promotor,Vivo Promotor,file_change,nightly_2330,exact,1,0,0,android/app/src/main/assets/public/assets/target-BIZGj-R4.js
2026-07-01T23:35:43-06:00,asteria,Asteria,file_change,nightly_2330,exact,2,0,0,_codex_backup_20260602-204359; _codex_backup_phase9_phase10_20260603-022816
2026-07-01T23:35:57-06:00,proyectia,PROYECTIA (Command Center),file_change,nightly_2330,exact,4,0,0,Proyec[tdh]ia-tsk DEV/BACKUP_RESTORE_SYSTEM.md; Proyec[tdh]ia-tsk DEV/src-tauri/crates/proyectia_core/src/backup_engine.rs; proyectia-tsk/BACKUP_RESTORE_SYSTEM.md; proyectia-tsk/src-tauri/crates/proyectia_core/src/backup_engine.rs
2026-07-01T23:36:28-06:00,react-bite,REACTBITE (Micro-app Runtime),file_change,nightly_2330,exact,2,0,0,nueva implementacion/💬reactbite_18-may/release/win-unpacked/snapshot_blob.bin; reactbite-fusion/.git
2026-07-01T23:36:35-06:00,reflectia,REFLECTIA (Luxury Simulation),file_change,nightly_2330,exact,1,0,0,ReplIA/airplay_reference/Airplay.Core2/.git
2026-07-01T23:36:50-06:00,vivo-promotor,Vivo Promotor,file_change,localhost_active,exact,1,0,0,android/app/src/main/assets/public/assets/target-BIZGj-R4.js
2026-07-01T23:36:51-06:00,proyectia,PROYECTIA (Command Center),file_change,localhost_active,exact,4,3,0,Proyec[tdh]ia-tsk DEV/BACKUP_RESTORE_SYSTEM.md; Proyec[tdh]ia-tsk DEV/src-tauri/crates/proyectia_core/src/backup_engine.rs; proyectia-tsk/BACKUP_RESTORE_SYSTEM.md; proyectia-tsk/src-tauri/crates/proyectia_core/src/backup_engine.rs; proyectia-tsk/components/chat/ChatHeader.tsx; proyectia-tsk/components/molecules/AppTopBar.tsx; proyectia-tsk/components/organisms/ChatSidebar.tsx
2026-07-01T23:37:56-06:00,julia,JULIA (Solar System Memory),localhost_started,localhost_monitor,exact,0,0,0,
2026-07-01T23:51:45-06:00,julia,JULIA (Solar System Memory),localhost_stopped,localhost_monitor,exact,0,0,0,
2026-07-01T23:52:49-06:00,julia,JULIA (Solar System Memory),localhost_started,localhost_monitor,exact,0,0,0,
2026-07-01T23:52:49-06:00,vivo-promotor,Vivo Promotor,file_change,localhost_active,exact,1,0,0,android/app/src/main/assets/public/assets/target-BIZGj-R4.js
2026-07-01T23:52:50-06:00,julia,JULIA (Solar System Memory),file_change,localhost_active,exact,0,2,0,1JuliaDEV/src/JuliaPanels/ProfilePanel/ProfilePanel.tsx; 1JuliaDEV/src/JuliaPanels/ProfilePanel/components/CalibrationCenter.tsx
2026-07-01T23:52:50-06:00,proyectia,PROYECTIA (Command Center),file_change,localhost_active,exact,4,4,0,Proyec[tdh]ia-tsk DEV/BACKUP_RESTORE_SYSTEM.md; Proyec[tdh]ia-tsk DEV/src-tauri/crates/proyectia_core/src/backup_engine.rs; proyectia-tsk/BACKUP_RESTORE_SYSTEM.md; proyectia-tsk/src-tauri/crates/proyectia_core/src/backup_engine.rs; proyectia-tsk/components/chat/ChatPromptBox.tsx; proyectia-tsk/components/molecules/ChatToggle.tsx; proyectia-tsk/components/organisms/ChatSidebar.tsx; proyectia-tsk/index.css
